_id,Waktu,Harga Penutupan (USD)
6746f698c8fc5b6acaad4045,2024-11-20 13:20,94362.22
6746f698c8fc5b6acaad4044,2024-11-20 13:30,94273.24
6746f698c8fc5b6acaad4043,2024-11-20 13:40,94599.33
6746f698c8fc5b6acaad4042,2024-11-20 13:50,94483.5
6746f698c8fc5b6acaad4041,2024-11-20 14:00,94531.35
6746f698c8fc5b6acaad4040,2024-11-20 14:10,94354.76
6746f698c8fc5b6acaad403f,2024-11-20 14:20,94562.7
6746f698c8fc5b6acaad403e,2024-11-20 14:30,94154.97
6746f698c8fc5b6acaad403d,2024-11-20 14:40,94705.84
6746f698c8fc5b6acaad403c,2024-11-20 14:50,94734.6
6746f698c8fc5b6acaad403b,2024-11-20 15:00,94300.29
6746f698c8fc5b6acaad403a,2024-11-20 15:10,94553.28
6746f698c8fc5b6acaad4039,2024-11-20 15:20,94744.84
6746f698c8fc5b6acaad4038,2024-11-20 15:30,95005.66
6746f698c8fc5b6acaad4037,2024-11-20 15:40,94808.54
6746f698c8fc5b6acaad4036,2024-11-20 15:50,94917.15
6746f698c8fc5b6acaad4035,2024-11-20 16:00,94709.87
6746f698c8fc5b6acaad4034,2024-11-20 16:10,94407.81
6746f698c8fc5b6acaad4033,2024-11-20 16:20,93654.55
6746f698c8fc5b6acaad4032,2024-11-20 16:30,93811.43
6746f698c8fc5b6acaad4031,2024-11-20 16:40,93732.46
6746f698c8fc5b6acaad4030,2024-11-20 16:50,94174.67
6746f698c8fc5b6acaad402f,2024-11-20 17:00,94302.26
6746f698c8fc5b6acaad402e,2024-11-20 17:10,93992.87
6746f698c8fc5b6acaad402d,2024-11-20 17:20,94161.25
6746f698c8fc5b6acaad402c,2024-11-20 17:30,94223.72
6746f698c8fc5b6acaad402b,2024-11-20 17:40,94260.31
6746f698c8fc5b6acaad402a,2024-11-20 17:50,94041.61
6746f698c8fc5b6acaad4029,2024-11-20 18:00,94288.91
6746f698c8fc5b6acaad4028,2024-11-20 18:10,94018.49
6746f698c8fc5b6acaad4027,2024-11-20 18:20,94052.88
6746f698c8fc5b6acaad4026,2024-11-20 18:30,93625.06
6746f698c8fc5b6acaad4025,2024-11-20 18:40,93567.95
6746f698c8fc5b6acaad4024,2024-11-20 18:50,93788.57
6746f698c8fc5b6acaad4023,2024-11-20 19:00,93535.34
6746f698c8fc5b6acaad4022,2024-11-20 19:10,93475.81
6746f698c8fc5b6acaad4021,2024-11-20 19:20,93464.58
6746f698c8fc5b6acaad4020,2024-11-20 19:30,93807.95
6746f698c8fc5b6acaad401f,2024-11-20 19:40,94012.01
6746f698c8fc5b6acaad401e,2024-11-20 19:50,94126.31
6746f698c8fc5b6acaad401d,2024-11-20 20:00,94159.75
6746f698c8fc5b6acaad401c,2024-11-20 20:10,94170.34
6746f698c8fc5b6acaad401b,2024-11-20 20:20,94291.35
6746f698c8fc5b6acaad401a,2024-11-20 20:30,94669.05
6746f698c8fc5b6acaad4019,2024-11-20 20:40,94447.64
6746f698c8fc5b6acaad4018,2024-11-20 20:50,94370.9
6746f698c8fc5b6acaad4017,2024-11-20 21:00,94224
6746f698c8fc5b6acaad4016,2024-11-20 21:10,94318.43
6746f698c8fc5b6acaad4015,2024-11-20 21:20,94250.4
6746f698c8fc5b6acaad4014,2024-11-20 21:30,94500.88
6746f698c8fc5b6acaad4013,2024-11-20 21:40,94503.21
6746f698c8fc5b6acaad4012,2024-11-20 21:50,94450.81
6746f698c8fc5b6acaad4011,2024-11-20 22:00,94435.32
6746f698c8fc5b6acaad4010,2024-11-20 22:10,94412.84
6746f698c8fc5b6acaad400f,2024-11-20 22:20,94242.38
6746f698c8fc5b6acaad400e,2024-11-20 22:30,94205.82
6746f698c8fc5b6acaad400d,2024-11-20 22:40,94230.34
6746f698c8fc5b6acaad400c,2024-11-20 22:50,94247.66
6746f698c8fc5b6acaad400b,2024-11-20 23:00,94198.38
6746f698c8fc5b6acaad400a,2024-11-20 23:10,93976.59
6746f698c8fc5b6acaad4009,2024-11-20 23:20,94065.95
6746f698c8fc5b6acaad4008,2024-11-20 23:30,94161.14
6746f698c8fc5b6acaad4007,2024-11-20 23:40,94192.23
6746f698c8fc5b6acaad4006,2024-11-20 23:50,94379.92
6746f698c8fc5b6acaad4005,2024-11-21 0:00,94363.02
6746f698c8fc5b6acaad4004,2024-11-21 0:10,94466.14
6746f698c8fc5b6acaad4003,2024-11-21 0:20,94925.8
6746f698c8fc5b6acaad4002,2024-11-21 0:30,94909.81
6746f698c8fc5b6acaad4001,2024-11-21 0:40,94960.07
6746f698c8fc5b6acaad4000,2024-11-21 0:50,94807.87
6746f698c8fc5b6acaad3fff,2024-11-21 1:00,94910.03
6746f698c8fc5b6acaad3ffe,2024-11-21 1:10,94960.66
6746f698c8fc5b6acaad3ffd,2024-11-21 1:20,94983.96
6746f698c8fc5b6acaad3ffc,2024-11-21 1:30,94792.45
6746f698c8fc5b6acaad3ffb,2024-11-21 1:40,94926.15
6746f698c8fc5b6acaad3ffa,2024-11-21 1:50,94812.46
6746f698c8fc5b6acaad3ff9,2024-11-21 2:00,94589.19
6746f698c8fc5b6acaad3ff8,2024-11-21 2:10,94688.87
6746f698c8fc5b6acaad3ff7,2024-11-21 2:20,94311.36
6746f698c8fc5b6acaad3ff6,2024-11-21 2:30,94277.87
6746f698c8fc5b6acaad3ff5,2024-11-21 2:40,94486.26
6746f698c8fc5b6acaad3ff4,2024-11-21 2:50,94521.12
6746f698c8fc5b6acaad3ff3,2024-11-21 3:00,94946.34
6746f698c8fc5b6acaad3ff2,2024-11-21 3:10,95011.07
6746f698c8fc5b6acaad3ff1,2024-11-21 3:20,95773.57
6746f698c8fc5b6acaad3ff0,2024-11-21 3:30,95739.67
6746f698c8fc5b6acaad3fef,2024-11-21 3:40,95884.99
6746f698c8fc5b6acaad3fee,2024-11-21 3:50,95911.3
6746f698c8fc5b6acaad3fed,2024-11-21 4:00,96630.42
6746f698c8fc5b6acaad3fec,2024-11-21 4:10,96689.23
6746f698c8fc5b6acaad3feb,2024-11-21 4:20,96525.89
6746f698c8fc5b6acaad3fea,2024-11-21 4:30,96642.34
6746f698c8fc5b6acaad3fe9,2024-11-21 4:40,96882.91
6746f698c8fc5b6acaad3fe8,2024-11-21 4:50,97643.05
6746f698c8fc5b6acaad3fe7,2024-11-21 5:00,97505.57
6746f698c8fc5b6acaad3fe6,2024-11-21 5:10,97798.12
6746f698c8fc5b6acaad3fe5,2024-11-21 5:20,97769.87
6746f698c8fc5b6acaad3fe4,2024-11-21 5:30,97597.12
6746f698c8fc5b6acaad3fe3,2024-11-21 5:40,97348.17
6746f698c8fc5b6acaad3fe2,2024-11-21 5:50,97397.85
6746f698c8fc5b6acaad3fe1,2024-11-21 6:00,97184.29
6746f698c8fc5b6acaad3fe0,2024-11-21 6:10,96978.77
6746f698c8fc5b6acaad3fdf,2024-11-21 6:20,97160
6746f698c8fc5b6acaad3fde,2024-11-21 6:30,97340.09
6746f698c8fc5b6acaad3fdd,2024-11-21 6:40,97181.73
6746f698c8fc5b6acaad3fdc,2024-11-21 6:50,97066.19
6746f698c8fc5b6acaad3fdb,2024-11-21 7:00,97168.51
6746f698c8fc5b6acaad3fda,2024-11-21 7:10,97251.66
6746f698c8fc5b6acaad3fd9,2024-11-21 7:20,97178.7
6746f698c8fc5b6acaad3fd8,2024-11-21 7:30,97206.22
6746f698c8fc5b6acaad3fd7,2024-11-21 7:40,97102.1
6746f698c8fc5b6acaad3fd6,2024-11-21 7:50,96976.33
6746f698c8fc5b6acaad3fd5,2024-11-21 8:00,97026.07
6746f698c8fc5b6acaad3fd4,2024-11-21 8:10,97070.23
6746f698c8fc5b6acaad3fd3,2024-11-21 8:20,96919.48
6746f698c8fc5b6acaad3fd2,2024-11-21 8:30,96796.51
6746f698c8fc5b6acaad3fd1,2024-11-21 8:40,96994.92
6746f698c8fc5b6acaad3fd0,2024-11-21 8:50,97150.01
6746f698c8fc5b6acaad3fcf,2024-11-21 9:00,97461.58
6746f698c8fc5b6acaad3fce,2024-11-21 9:10,97550.18
6746f698c8fc5b6acaad3fcd,2024-11-21 9:20,97463.35
6746f698c8fc5b6acaad3fcc,2024-11-21 9:30,97423.62
6746f698c8fc5b6acaad3fcb,2024-11-21 9:40,97540.74
6746f698c8fc5b6acaad3fca,2024-11-21 9:50,97642.55
6746f698c8fc5b6acaad3fc9,2024-11-21 10:00,97568.26
6746f698c8fc5b6acaad3fc8,2024-11-21 10:10,97367.08
6746f698c8fc5b6acaad3fc7,2024-11-21 10:20,97555.16
6746f698c8fc5b6acaad3fc6,2024-11-21 10:30,97634.88
6746f698c8fc5b6acaad3fc5,2024-11-21 10:40,97591.44
6746f698c8fc5b6acaad3fc4,2024-11-21 10:50,97741.89
6746f698c8fc5b6acaad3fc3,2024-11-21 11:00,98340.21
6746f698c8fc5b6acaad3fc2,2024-11-21 11:10,98149.29
6746f698c8fc5b6acaad3fc1,2024-11-21 11:20,98030.73
6746f698c8fc5b6acaad3fc0,2024-11-21 11:30,97803.94
6746f698c8fc5b6acaad3fbf,2024-11-21 11:40,98012.41
6746f698c8fc5b6acaad3fbe,2024-11-21 11:50,97992.92
6746f698c8fc5b6acaad3fbd,2024-11-21 12:00,98027.74
6746f698c8fc5b6acaad3fbc,2024-11-21 12:10,97788.62
6746f698c8fc5b6acaad3fbb,2024-11-21 12:20,97963.54
6746f698c8fc5b6acaad3fba,2024-11-21 12:30,97959.99
6746f698c8fc5b6acaad3fb9,2024-11-21 12:40,97761.82
6746f698c8fc5b6acaad3fb8,2024-11-21 12:50,97325.66
6746f698c8fc5b6acaad3fb7,2024-11-21 13:00,97485.36
6746f698c8fc5b6acaad3fb6,2024-11-21 13:10,97383.09
6746f698c8fc5b6acaad3fb5,2024-11-21 13:20,97159.34
6746f698c8fc5b6acaad3fb4,2024-11-21 13:30,97607.25
6746f698c8fc5b6acaad3fb3,2024-11-21 13:40,97557.25
6746f698c8fc5b6acaad3fb2,2024-11-21 13:50,97570.32
6746f698c8fc5b6acaad3fb1,2024-11-21 14:00,97359.45
6746f698c8fc5b6acaad3fb0,2024-11-21 14:10,97560.42
6746f698c8fc5b6acaad3faf,2024-11-21 14:20,97319.18
6746f698c8fc5b6acaad3fae,2024-11-21 14:30,96632.43
6746f698c8fc5b6acaad3fad,2024-11-21 14:40,97620
6746f698c8fc5b6acaad3fac,2024-11-21 14:50,97077.77
6746f698c8fc5b6acaad3fab,2024-11-21 15:00,96710.35
6746f698c8fc5b6acaad3faa,2024-11-21 15:10,97065.21
6746f698c8fc5b6acaad3fa9,2024-11-21 15:20,96198.3
6746f698c8fc5b6acaad3fa8,2024-11-21 15:30,95763.18
6746f698c8fc5b6acaad3fa7,2024-11-21 15:40,96547.38
6746f698c8fc5b6acaad3fa6,2024-11-21 15:50,96704.67
6746f698c8fc5b6acaad3fa5,2024-11-21 16:00,96638.12
6746f698c8fc5b6acaad3fa4,2024-11-21 16:10,96874.58
6746f698c8fc5b6acaad3fa3,2024-11-21 16:20,97220.14
6746f698c8fc5b6acaad3fa2,2024-11-21 16:30,97052.53
6746f698c8fc5b6acaad3fa1,2024-11-21 16:40,97103.73
6746f698c8fc5b6acaad3fa0,2024-11-21 16:50,97187.51
6741921b0181b4e6dc11748b,2024-11-21 17:00,97322.4
6741921b0181b4e6dc11748c,2024-11-21 17:10,97549.09
6741921b0181b4e6dc11748d,2024-11-21 17:20,97696.55
6741921b0181b4e6dc11748e,2024-11-21 17:30,97570.39
6741921b0181b4e6dc11748f,2024-11-21 17:40,97628.78
6741921b0181b4e6dc117490,2024-11-21 17:50,98135.42
6741921b0181b4e6dc117491,2024-11-21 18:00,97956.75
6741921b0181b4e6dc117492,2024-11-21 18:10,98110.05
6741921b0181b4e6dc117493,2024-11-21 18:20,98419.55
6741921b0181b4e6dc117494,2024-11-21 18:30,98306.59
6741921b0181b4e6dc117495,2024-11-21 18:40,98103.58
6741921b0181b4e6dc117496,2024-11-21 18:50,98379.28
6741921b0181b4e6dc117497,2024-11-21 19:00,98501.21
6741921b0181b4e6dc117498,2024-11-21 19:10,98522.54
6741921b0181b4e6dc117499,2024-11-21 19:20,98784.01
6741921b0181b4e6dc11749a,2024-11-21 19:30,98438.69
6741921b0181b4e6dc11749b,2024-11-21 19:40,98211.07
6741921b0181b4e6dc11749c,2024-11-21 19:50,97921.16
6741921b0181b4e6dc11749d,2024-11-21 20:00,98517.46
6741921b0181b4e6dc11749e,2024-11-21 20:10,98604.16
6741921b0181b4e6dc11749f,2024-11-21 20:20,98668.6
6741921b0181b4e6dc1174a0,2024-11-21 20:30,98122.48
6741921b0181b4e6dc1174a1,2024-11-21 20:40,97903.53
6741921b0181b4e6dc1174a2,2024-11-21 20:50,98236.53
6741921b0181b4e6dc1174a3,2024-11-21 21:00,98120.98
6741921b0181b4e6dc1174a4,2024-11-21 21:10,98174.33
6741921b0181b4e6dc1174a5,2024-11-21 21:20,98062.36
6741921b0181b4e6dc1174a6,2024-11-21 21:30,98094.79
6741921b0181b4e6dc1174a7,2024-11-21 21:40,97754.22
6741921b0181b4e6dc1174a8,2024-11-21 21:50,98084.58
6741921b0181b4e6dc1174a9,2024-11-21 22:00,98141.66
6741921b0181b4e6dc1174aa,2024-11-21 22:10,98128.07
6741921b0181b4e6dc1174ab,2024-11-21 22:20,98301.33
6741921b0181b4e6dc1174ac,2024-11-21 22:30,98283.71
6741921b0181b4e6dc1174ad,2024-11-21 22:40,98346.04
6741921b0181b4e6dc1174ae,2024-11-21 22:50,98468.35
6741921b0181b4e6dc1174af,2024-11-21 23:00,98807.39
6741921b0181b4e6dc1174b0,2024-11-21 23:10,98554.48
6741921b0181b4e6dc1174b1,2024-11-21 23:20,98487.13
6741921b0181b4e6dc1174b2,2024-11-21 23:30,98548.39
6741921b0181b4e6dc1174b3,2024-11-21 23:40,98477.5
6741921b0181b4e6dc1174b4,2024-11-21 23:50,98436.25
6741921b0181b4e6dc1174b5,2024-11-22 0:00,98492.36
6741921b0181b4e6dc1174b6,2024-11-22 0:10,98470.26
6741921b0181b4e6dc1174b7,2024-11-22 0:20,98538.46
6741921b0181b4e6dc1174b8,2024-11-22 0:30,98401
6741921b0181b4e6dc1174b9,2024-11-22 0:40,98028.96
6741921b0181b4e6dc1174ba,2024-11-22 0:50,98104.12
6741921b0181b4e6dc1174bb,2024-11-22 1:00,98181.29
6741921b0181b4e6dc1174bc,2024-11-22 1:10,98269.16
6741921b0181b4e6dc1174bd,2024-11-22 1:20,98489.25
6741921b0181b4e6dc1174be,2024-11-22 1:30,98163.34
6741921b0181b4e6dc1174bf,2024-11-22 1:40,98067.9
6741921b0181b4e6dc1174c0,2024-11-22 1:50,98178.06
6741921b0181b4e6dc1174c1,2024-11-22 2:00,98364.42
6741921b0181b4e6dc1174c2,2024-11-22 2:10,98458.44
6741921b0181b4e6dc1174c3,2024-11-22 2:20,98446.69
6741921b0181b4e6dc1174c4,2024-11-22 2:30,98663.08
6741921b0181b4e6dc1174c5,2024-11-22 2:40,98660.96
6741921b0181b4e6dc1174c6,2024-11-22 2:50,98710.98
6741921b0181b4e6dc1174c7,2024-11-22 3:00,98750.36
6741921b0181b4e6dc1174c8,2024-11-22 3:10,99222.44
6741921b0181b4e6dc1174c9,2024-11-22 3:20,98755.53
6741921b0181b4e6dc1174ca,2024-11-22 3:30,98553.72
6741921b0181b4e6dc1174cb,2024-11-22 3:40,98793.86
6741921b0181b4e6dc1174cc,2024-11-22 3:50,98950.52
6741921b0181b4e6dc1174cd,2024-11-22 4:00,99013.09
6741921b0181b4e6dc1174ce,2024-11-22 4:10,98883.57
6741921b0181b4e6dc1174cf,2024-11-22 4:20,98983.31
6741921b0181b4e6dc1174d0,2024-11-22 4:30,99189.6
6741921b0181b4e6dc1174d1,2024-11-22 4:40,99042.33
6741921b0181b4e6dc1174d2,2024-11-22 4:50,98910.9
6741921b0181b4e6dc1174d3,2024-11-22 5:00,98982.23
6741921b0181b4e6dc1174d4,2024-11-22 5:10,98746.8
6741921b0181b4e6dc1174d5,2024-11-22 5:20,99062.97
6741921b0181b4e6dc1174d6,2024-11-22 5:30,99101.55
6741921b0181b4e6dc1174d7,2024-11-22 5:40,98976.11
6741921b0181b4e6dc1174d8,2024-11-22 5:50,98909.93
6741921b0181b4e6dc1174d9,2024-11-22 6:00,98935.69
6741921b0181b4e6dc1174da,2024-11-22 6:10,99153.47
6741921b0181b4e6dc1174db,2024-11-22 6:20,98887.33
6741921b0181b4e6dc1174dc,2024-11-22 6:30,98814.18
6741921b0181b4e6dc1174dd,2024-11-22 6:40,99012.69
6741921b0181b4e6dc1174de,2024-11-22 6:50,99117.81
6741921b0181b4e6dc1174df,2024-11-22 7:00,99106.62
6741921b0181b4e6dc1174e0,2024-11-22 7:10,99232.98
6741921b0181b4e6dc1174e1,2024-11-22 7:20,99338.29
6741921b0181b4e6dc1174e2,2024-11-22 7:30,99481.98
6741921b0181b4e6dc1174e3,2024-11-22 7:40,99440.07
6741921b0181b4e6dc1174e4,2024-11-22 7:50,99307.66
6741921b0181b4e6dc1174e5,2024-11-22 8:00,99285.14
6741921b0181b4e6dc1174e6,2024-11-22 8:10,98998.7
6741921b0181b4e6dc1174e7,2024-11-22 8:20,99239.77
6741921b0181b4e6dc1174e8,2024-11-22 8:30,99010.69
6741921b0181b4e6dc1174e9,2024-11-22 8:40,99015.96
6741921b0181b4e6dc1174ea,2024-11-22 8:50,98915.42
6741921b0181b4e6dc1174eb,2024-11-22 9:00,98816.95
6741921b0181b4e6dc1174ec,2024-11-22 9:10,98743.06
6741921b0181b4e6dc1174ed,2024-11-22 9:20,98553.9
6741921b0181b4e6dc1174ee,2024-11-22 9:30,98653.19
6741921b0181b4e6dc1174ef,2024-11-22 9:40,98708.84
6741921b0181b4e6dc1174f0,2024-11-22 9:50,98792.25
6741921b0181b4e6dc1174f1,2024-11-22 10:00,98670.25
6741921b0181b4e6dc1174f2,2024-11-22 10:10,98550.5
6741921b0181b4e6dc1174f3,2024-11-22 10:20,98451.85
6741921b0181b4e6dc1174f4,2024-11-22 10:30,98544.37
6741921b0181b4e6dc1174f5,2024-11-22 10:40,98362.29
6741921b0181b4e6dc1174f6,2024-11-22 10:50,98451.62
6741921b0181b4e6dc1174f7,2024-11-22 11:00,98599.02
6741921b0181b4e6dc1174f8,2024-11-22 11:10,98688.43
6741921b0181b4e6dc1174f9,2024-11-22 11:20,98778.76
6741921b0181b4e6dc1174fa,2024-11-22 11:30,98907.2
6741921b0181b4e6dc1174fb,2024-11-22 11:40,98852.74
6741921b0181b4e6dc1174fc,2024-11-22 11:50,98955.64
6741921b0181b4e6dc1174fd,2024-11-22 12:00,98861.27
6741921b0181b4e6dc1174fe,2024-11-22 12:10,98761.89
6741921b0181b4e6dc1174ff,2024-11-22 12:20,98812.49
6741921b0181b4e6dc117500,2024-11-22 12:30,98795.62
6741921b0181b4e6dc117501,2024-11-22 12:40,98812.89
6741921b0181b4e6dc117502,2024-11-22 12:50,98719.75
6741921b0181b4e6dc117503,2024-11-22 13:00,98612.11
6741921b0181b4e6dc117504,2024-11-22 13:10,98084.14
6741921b0181b4e6dc117505,2024-11-22 13:20,97700.93
6741921b0181b4e6dc117506,2024-11-22 13:30,98020.56
6741921b0181b4e6dc117507,2024-11-22 13:40,97973.44
6741921b0181b4e6dc117508,2024-11-22 13:50,97843.54
6741921b0181b4e6dc117509,2024-11-22 14:00,98139.05
6741921b0181b4e6dc11750a,2024-11-22 14:10,97817.13
6741921b0181b4e6dc11750b,2024-11-22 14:20,97726.66
6741921b0181b4e6dc11750c,2024-11-22 14:30,97564.62
6741921b0181b4e6dc11750d,2024-11-22 14:40,97479.02
6741921b0181b4e6dc11750e,2024-11-22 14:50,97365.62
6741921b0181b4e6dc11750f,2024-11-22 15:00,97955.63
6741921b0181b4e6dc117510,2024-11-22 15:10,98324.09
6741921b0181b4e6dc117511,2024-11-22 15:20,98407.19
6741921b0181b4e6dc117512,2024-11-22 15:30,98699.37
6741921b0181b4e6dc117513,2024-11-22 15:40,98808.94
6741921b0181b4e6dc117514,2024-11-22 15:50,98810.19
6741921b0181b4e6dc117515,2024-11-22 16:00,98388.88
6741921b0181b4e6dc117516,2024-11-22 16:10,98527.22
6741921b0181b4e6dc117517,2024-11-22 16:20,98653.97
6741921b0181b4e6dc117518,2024-11-22 16:30,98870.49
6741921b0181b4e6dc117519,2024-11-22 16:40,98892.84
6741921b0181b4e6dc11751a,2024-11-22 16:50,98992.03
6741921b0181b4e6dc11751b,2024-11-22 17:00,98951.63
6741970f0181b4e6dc117578,2024-11-22 17:10,99324.9
6741970f0181b4e6dc117577,2024-11-22 17:20,99281.54
6741970f0181b4e6dc117576,2024-11-22 17:30,99008.65
6741970f0181b4e6dc117575,2024-11-22 17:40,99230.89
6741970f0181b4e6dc117574,2024-11-22 17:50,98934.82
6741970f0181b4e6dc117573,2024-11-22 18:00,99191.46
6741970f0181b4e6dc117572,2024-11-22 18:10,99200.94
6741970f0181b4e6dc117571,2024-11-22 18:20,98839.61
6741970f0181b4e6dc117570,2024-11-22 18:30,99121.16
6741970f0181b4e6dc11756f,2024-11-22 18:40,99157.8
6741970f0181b4e6dc11756e,2024-11-22 18:50,99278.96
6741970f0181b4e6dc11756d,2024-11-22 19:00,99565.35
6741970f0181b4e6dc11756c,2024-11-22 19:10,99587.93
6741970f0181b4e6dc11756b,2024-11-22 19:20,99540.43
6741970f0181b4e6dc11756a,2024-11-22 19:30,99369.03
6741970f0181b4e6dc117569,2024-11-22 19:40,99458.21
6741970f0181b4e6dc117568,2024-11-22 19:50,99257.54
6741970f0181b4e6dc117567,2024-11-22 20:00,99387.04
6741970f0181b4e6dc117566,2024-11-22 20:10,99432.09
6741970f0181b4e6dc117565,2024-11-22 20:20,99391.86
6741970f0181b4e6dc117564,2024-11-22 20:30,99163.83
6741970f0181b4e6dc117563,2024-11-22 20:40,99120.82
6741970f0181b4e6dc117562,2024-11-22 20:50,99313.35
6741970f0181b4e6dc117561,2024-11-22 21:00,99165.59
6741970f0181b4e6dc117560,2024-11-22 21:10,99121.7
6741970f0181b4e6dc11755f,2024-11-22 21:20,99014.84
6741970f0181b4e6dc11755e,2024-11-22 21:30,98973.66
6741970f0181b4e6dc11755d,2024-11-22 21:40,99185.23
6741970f0181b4e6dc11755c,2024-11-22 21:50,99430.79
6741970f0181b4e6dc11755b,2024-11-22 22:00,99327.6
6741970f0181b4e6dc11755a,2024-11-22 22:10,99037.61
6741970f0181b4e6dc117559,2024-11-22 22:20,99040.15
6741970f0181b4e6dc117558,2024-11-22 22:30,98802.28
6741970f0181b4e6dc117557,2024-11-22 22:40,98810.94
6741970f0181b4e6dc117556,2024-11-22 22:50,98732.89
6741970f0181b4e6dc117555,2024-11-22 23:00,98834
6741970f0181b4e6dc117554,2024-11-22 23:10,98882.66
6741970f0181b4e6dc117553,2024-11-22 23:20,98869.17
6741970f0181b4e6dc117552,2024-11-22 23:30,98890.99
6741970f0181b4e6dc117551,2024-11-22 23:40,99010.52
6741970f0181b4e6dc117550,2024-11-22 23:50,99010.89
6741970f0181b4e6dc11754f,2024-11-23 0:00,98798.54
6741970f0181b4e6dc11754e,2024-11-23 0:10,98936.64
6741970f0181b4e6dc11754d,2024-11-23 0:20,98950.42
6741970f0181b4e6dc11754c,2024-11-23 0:30,98769.98
6741970f0181b4e6dc11754b,2024-11-23 0:40,98678.03
6741970f0181b4e6dc11754a,2024-11-23 0:50,98746.98
6741970f0181b4e6dc117549,2024-11-23 1:00,98703.45
6741970f0181b4e6dc117548,2024-11-23 1:10,98640.31
6741970f0181b4e6dc117547,2024-11-23 1:20,98470.33
6741970f0181b4e6dc117546,2024-11-23 1:30,98561.83
6741970f0181b4e6dc117545,2024-11-23 1:40,98622.37
6741970f0181b4e6dc117544,2024-11-23 1:50,98691.42
6741970f0181b4e6dc117543,2024-11-23 2:00,98534.41
6741970f0181b4e6dc117542,2024-11-23 2:10,98480.68
6741970f0181b4e6dc117541,2024-11-23 2:20,98542.85
6741970f0181b4e6dc117540,2024-11-23 2:30,98478.29
6741970f0181b4e6dc11753f,2024-11-23 2:40,98651.86
6741970f0181b4e6dc11753e,2024-11-23 2:50,98590.76
6741970f0181b4e6dc11753d,2024-11-23 3:00,98563.54
6741970f0181b4e6dc11753c,2024-11-23 3:10,98812.15
6741970f0181b4e6dc11753b,2024-11-23 3:20,98885.96
6741970f0181b4e6dc11753a,2024-11-23 3:30,98758.98
6741970f0181b4e6dc117539,2024-11-23 3:40,98837.82
6741970f0181b4e6dc117538,2024-11-23 3:50,98768.71
6741970f0181b4e6dc117537,2024-11-23 4:00,98697.93
6741970f0181b4e6dc117536,2024-11-23 4:10,98630.67
6741970f0181b4e6dc117535,2024-11-23 4:20,98642.44
6741970f0181b4e6dc117534,2024-11-23 4:30,98682.64
6741970f0181b4e6dc117533,2024-11-23 4:40,98387.64
6741970f0181b4e6dc117532,2024-11-23 4:50,98671.44
6741970f0181b4e6dc117531,2024-11-23 5:00,98552.8
6741970f0181b4e6dc117530,2024-11-23 5:10,98553.08
6741970f0181b4e6dc11752f,2024-11-23 5:20,98589.34
6741970f0181b4e6dc11752e,2024-11-23 5:30,98683.06
6741970f0181b4e6dc11752d,2024-11-23 5:40,98841.99
6741970f0181b4e6dc11752c,2024-11-23 5:50,98854.03
6741970f0181b4e6dc11752b,2024-11-23 6:00,98812.93
6741970f0181b4e6dc11752a,2024-11-23 6:10,98775.27
6741970f0181b4e6dc117529,2024-11-23 6:20,98751.04
6741970f0181b4e6dc117528,2024-11-23 6:30,98864.99
6741970f0181b4e6dc117527,2024-11-23 6:40,98904.33
6741970f0181b4e6dc117526,2024-11-23 6:50,98813.22
6741970f0181b4e6dc117525,2024-11-23 7:00,98797.19
6741970f0181b4e6dc117524,2024-11-23 7:10,98812.93
6741970f0181b4e6dc117523,2024-11-23 7:20,98720.02
6741970f0181b4e6dc117522,2024-11-23 7:30,98533.79
6741970f0181b4e6dc117521,2024-11-23 7:40,98600.49
6741970f0181b4e6dc117520,2024-11-23 7:50,98672.15
6741970f0181b4e6dc11751f,2024-11-23 8:00,98589.68
6741970f0181b4e6dc11751e,2024-11-23 8:10,98603.01
6741970f0181b4e6dc11751d,2024-11-23 8:20,98491.84
674192ea030b5e359465fdd0,2024-11-23 8:31,98386.10767
67419543030b5e359465fdd1,2024-11-23 8:41,98405.30708
6741979c030b5e359465fdd2,2024-11-23 8:51,98475.71779
674199f5030b5e359465fdd3,2024-11-23 9:01,98457.48035
67419c4d030b5e359465fdd4,2024-11-23 9:11,98422.9257
67419ea6030b5e359465fdd5,2024-11-23 9:21,98401.48051
6741a0ff030b5e359465fdd6,2024-11-23 9:31,98420.25388
6741a358030b5e359465fdd7,2024-11-23 9:41,98479.48467
6741a5b0030b5e359465fdd8,2024-11-23 9:51,98420.48989
6741a809030b5e359465fdd9,2024-11-23 10:01,98448.07079
6741aa61030b5e359465fdda,2024-11-23 10:11,98439.62144
6741acba030b5e359465fddb,2024-11-23 10:21,98482.83852
6741af13030b5e359465fddc,2024-11-23 10:31,98346.42868
6741b16b030b5e359465fddd,2024-11-23 10:41,98391.13644
6741b3c3030b5e359465fdde,2024-11-23 10:51,98439.3477
6741b61b030b5e359465fddf,2024-11-23 11:01,98415.59202
6741b874030b5e359465fde0,2024-11-23 11:11,98470.21407
6741bacd030b5e359465fde1,2024-11-23 11:21,98433.27786
6741bd25030b5e359465fde2,2024-11-23 11:31,98477.5608
6741bf7e030b5e359465fde3,2024-11-23 11:41,98530.60246
6741c1d7030b5e359465fde4,2024-11-23 11:51,98472.24535
6741c430030b5e359465fde5,2024-11-23 12:01,98467.65399
6741c688030b5e359465fde6,2024-11-23 12:11,98499.58945
6741c8e0030b5e359465fde7,2024-11-23 12:21,98516.56312
6741cb39030b5e359465fde8,2024-11-23 12:31,98529.3092
6741cd92030b5e359465fde9,2024-11-23 12:41,98572.16253
6741cfeb030b5e359465fdea,2024-11-23 12:51,98573.84438
6741d244030b5e359465fdeb,2024-11-23 13:01,98614.6975
6741d49d030b5e359465fdec,2024-11-23 13:11,98684.39705
6741d6f5030b5e359465fded,2024-11-23 13:21,98780.33373
6741d94e030b5e359465fdee,2024-11-23 13:31,98803.13499
6741dba7030b5e359465fdef,2024-11-23 13:41,98749.9709
6741ddff030b5e359465fdf0,2024-11-23 13:51,98690.43325
6741e059030b5e359465fdf1,2024-11-23 14:02,98626.29248
6741e2b2030b5e359465fdf2,2024-11-23 14:12,98572.23996
6741e50a030b5e359465fdf3,2024-11-23 14:22,98595.71223
6741e763030b5e359465fdf4,2024-11-23 14:32,98668.55786
6741e9bc030b5e359465fdf5,2024-11-23 14:42,98676.19247
6741ec15030b5e359465fdf6,2024-11-23 14:52,98794.85734
6741ee6d030b5e359465fdf7,2024-11-23 15:02,98790.55044
6741f0c6030b5e359465fdf8,2024-11-23 15:12,98703.20291
6741f31f030b5e359465fdf9,2024-11-23 15:22,98722.01115
6741f577030b5e359465fdfa,2024-11-23 15:32,98718.21053
6741f7cf030b5e359465fdfb,2024-11-23 15:42,98636.47845
6741fa28030b5e359465fdfc,2024-11-23 15:52,98548.13554
6741fc81030b5e359465fdfd,2024-11-23 16:02,98510.6892
6741fed9030b5e359465fdfe,2024-11-23 16:12,98513.68396
67420132030b5e359465fdff,2024-11-23 16:22,98300.67709
6742038a030b5e359465fe00,2024-11-23 16:32,98019.39512
674205e2030b5e359465fe01,2024-11-23 16:42,97918.77186
6742083b030b5e359465fe02,2024-11-23 16:52,97788.82832
67440ba2766c9304bac517a8,2024-11-23 17:00,97572.55
67440ba2766c9304bac517a7,2024-11-23 17:10,97801.73
67440ba2766c9304bac517a6,2024-11-23 17:20,98083.42
67440ba2766c9304bac517a5,2024-11-23 17:30,98199.06
67440ba2766c9304bac517a4,2024-11-23 17:40,98175.64
67440ba2766c9304bac517a3,2024-11-23 17:50,98072.12
67440ba2766c9304bac517a2,2024-11-23 18:00,97960.85
67440ba2766c9304bac517a1,2024-11-23 18:10,97935.06
67440ba2766c9304bac517a0,2024-11-23 18:20,97938.84
67440ba2766c9304bac5179f,2024-11-23 18:30,97887.51
67440ba2766c9304bac5179e,2024-11-23 18:40,97907.51
67440ba2766c9304bac5179d,2024-11-23 18:50,97960.19
67440ba2766c9304bac5179c,2024-11-23 19:00,97898.29
67440ba2766c9304bac5179b,2024-11-23 19:10,97692.26
67440ba2766c9304bac5179a,2024-11-23 19:20,97636.02
67440ba2766c9304bac51799,2024-11-23 19:30,97536.34
67440ba2766c9304bac51798,2024-11-23 19:40,97667.22
67440ba2766c9304bac51797,2024-11-23 19:50,97612.53
67440ba2766c9304bac51796,2024-11-23 20:00,97495.96
67440ba2766c9304bac51795,2024-11-23 20:10,97451.72
67440ba2766c9304bac51794,2024-11-23 20:20,97290.46
67440ba2766c9304bac51793,2024-11-23 20:30,97626.41
67440ba2766c9304bac51792,2024-11-23 20:40,97765.32
67440ba2766c9304bac51791,2024-11-23 20:50,97822.61
67440ba2766c9304bac51790,2024-11-23 21:00,97878.48
67440ba2766c9304bac5178f,2024-11-23 21:10,97864.82
67440ba2766c9304bac5178e,2024-11-23 21:20,97901.42
67440ba2766c9304bac5178d,2024-11-23 21:30,98000.08
67440ba2766c9304bac5178c,2024-11-23 21:40,97987.25
67440ba2766c9304bac5178b,2024-11-23 21:50,98061.32
67440ba2766c9304bac5178a,2024-11-23 22:00,98020.76
67440ba2766c9304bac51789,2024-11-23 22:10,97947.36
67440ba2766c9304bac51788,2024-11-23 22:20,97873.67
67440ba2766c9304bac51787,2024-11-23 22:30,97754.96
67440ba2766c9304bac51786,2024-11-23 22:40,97801.92
67440ba2766c9304bac51785,2024-11-23 22:50,97746.14
67440ba2766c9304bac51784,2024-11-23 23:00,97793.67
67440ba2766c9304bac51783,2024-11-23 23:10,97755.13
67440ba2766c9304bac51782,2024-11-23 23:20,97548.9
67440ba2766c9304bac51781,2024-11-23 23:30,97674.5
67440ba2766c9304bac51780,2024-11-23 23:40,97620.83
67440ba2766c9304bac5177f,2024-11-23 23:50,97765.04
67440ba2766c9304bac5177e,2024-11-24 0:00,97874.18
67440ba2766c9304bac5177d,2024-11-24 0:10,97996.09
67440ba2766c9304bac5177c,2024-11-24 0:20,98083.23
67440ba2766c9304bac5177b,2024-11-24 0:30,97878.69
67440ba2766c9304bac5177a,2024-11-24 0:40,97987.91
67440ba2766c9304bac51779,2024-11-24 0:50,98017.12
67440ba2766c9304bac51778,2024-11-24 1:00,98295.67
67440ba2766c9304bac51777,2024-11-24 1:10,98269.2
67440ba2766c9304bac51776,2024-11-24 1:20,98263.71
67440ba2766c9304bac51775,2024-11-24 1:30,98181.01
67440ba2766c9304bac51774,2024-11-24 1:40,98262.01
67440ba2766c9304bac51773,2024-11-24 1:50,98291.55
67440ba2766c9304bac51772,2024-11-24 2:00,98462.14
67440ba2766c9304bac51771,2024-11-24 2:10,98459.7
67440ba2766c9304bac51770,2024-11-24 2:20,98616.78
67440ba2766c9304bac5176f,2024-11-24 2:30,98618.08
67440ba2766c9304bac5176e,2024-11-24 2:40,98557.3
67440ba2766c9304bac5176d,2024-11-24 2:50,98501.38
67440ba2766c9304bac5176c,2024-11-24 3:00,98506.51
67440ba2766c9304bac5176b,2024-11-24 3:10,98527.1
67440ba2766c9304bac5176a,2024-11-24 3:20,98379.78
67440ba2766c9304bac51769,2024-11-24 3:30,98287.08
67440ba2766c9304bac51768,2024-11-24 3:40,98313.39
67440ba2766c9304bac51767,2024-11-24 3:50,98292.86
67440ba2766c9304bac51766,2024-11-24 4:00,98353.56
67440ba2766c9304bac51765,2024-11-24 4:10,98151.19
67440ba2766c9304bac51764,2024-11-24 4:20,98217.89
67440ba2766c9304bac51763,2024-11-24 4:30,98063.72
67440ba2766c9304bac51762,2024-11-24 4:40,98159.28
67440ba2766c9304bac51761,2024-11-24 4:50,98278.52
67440ba2766c9304bac51760,2024-11-24 5:00,98321.4
67440ba2766c9304bac5175f,2024-11-24 5:10,98368.85
67440ba2766c9304bac5175e,2024-11-24 5:20,98260.01
67440ba2766c9304bac5175d,2024-11-24 5:30,98027.88
67440ba2766c9304bac5175c,2024-11-24 5:40,98170.82
67440ba2766c9304bac5175b,2024-11-24 5:50,98352.27
67440ba2766c9304bac5175a,2024-11-24 6:00,98318.3
67440ba2766c9304bac51759,2024-11-24 6:10,98161.09
67440ba2766c9304bac51758,2024-11-24 6:20,98317.28
67440ba2766c9304bac51757,2024-11-24 6:30,98349.17
67440ba2766c9304bac51756,2024-11-24 6:40,98485.6
67440ba2766c9304bac51755,2024-11-24 6:50,98438.69
67440ba2766c9304bac51754,2024-11-24 7:00,98494.32
67440ba2766c9304bac51753,2024-11-24 7:10,98371.12
67440ba2766c9304bac51752,2024-11-24 7:20,98306.63
67440ba2766c9304bac51751,2024-11-24 7:30,98468.7
67440ba2766c9304bac51750,2024-11-24 7:40,98385.63
67440ba2766c9304bac5174f,2024-11-24 7:50,98496.49
67440ba2766c9304bac5174e,2024-11-24 8:00,98422.23
67440ba2766c9304bac5174d,2024-11-24 8:10,98441.61
67440ba2766c9304bac5174c,2024-11-24 8:20,98357.12
67440ba2766c9304bac5174b,2024-11-24 8:30,98220.7
67440ba2766c9304bac5174a,2024-11-24 8:40,98110.15
67440ba2766c9304bac51749,2024-11-24 8:50,98165.68
67440ba2766c9304bac51748,2024-11-24 9:00,98256.18
67440ba2766c9304bac51747,2024-11-24 9:10,98175.19
67440ba2766c9304bac51746,2024-11-24 9:20,98001.99
67440ba2766c9304bac51745,2024-11-24 9:30,97978.49
67440ba2766c9304bac51744,2024-11-24 9:40,98050.16
67440ba2766c9304bac51743,2024-11-24 9:50,98039.67
67440ba2766c9304bac51742,2024-11-24 10:00,98006.62
67440ba2766c9304bac51741,2024-11-24 10:10,97929.13
67440ba2766c9304bac51740,2024-11-24 10:20,97980.08
67440ba2766c9304bac5173f,2024-11-24 10:30,97789.59
67440ba2766c9304bac5173e,2024-11-24 10:40,97665.75
67440ba2766c9304bac5173d,2024-11-24 10:50,97786.39
67440ba2766c9304bac5173c,2024-11-24 11:00,97569.49
67440ba2766c9304bac5173b,2024-11-24 11:10,97444.1
67440ba2766c9304bac5173a,2024-11-24 11:20,97539.92
67440ba2766c9304bac51739,2024-11-24 11:30,97540.63
67440ba2766c9304bac51738,2024-11-24 11:40,97579.55
67440ba2766c9304bac51737,2024-11-24 11:50,97393.62
67440ba2766c9304bac51736,2024-11-24 12:00,97475.7
67440ba2766c9304bac51735,2024-11-24 12:10,97371.51
67440ba2766c9304bac51734,2024-11-24 12:20,97305.21
67440ba2766c9304bac51733,2024-11-24 12:30,96950.01
67440ba2766c9304bac51732,2024-11-24 12:40,96680.4
67440ba2766c9304bac51731,2024-11-24 12:50,96975.2
67440ba2766c9304bac51730,2024-11-24 13:00,97238.51
67440ba2766c9304bac5172f,2024-11-24 13:10,97436
67440ba2766c9304bac5172e,2024-11-24 13:20,97609.64
67440ba2766c9304bac5172d,2024-11-24 13:30,97422.27
67440ba2766c9304bac5172c,2024-11-24 13:40,97428.17
67440ba2766c9304bac5172b,2024-11-24 13:50,97302.72
67440ba2766c9304bac5172a,2024-11-24 14:00,97061.42
67440ba2766c9304bac51729,2024-11-24 14:10,96775.51
67440ba2766c9304bac51728,2024-11-24 14:20,96692
67440ba2766c9304bac51727,2024-11-24 14:30,97053.18
67440ba2766c9304bac51726,2024-11-24 14:40,96905.71
67440ba2766c9304bac51725,2024-11-24 14:50,97115.8
67440ba2766c9304bac51724,2024-11-24 15:00,96846.6
67440ba2766c9304bac51723,2024-11-24 15:10,96889.47
67440ba2766c9304bac51722,2024-11-24 15:20,96720.72
67440ba2766c9304bac51721,2024-11-24 15:30,96315.09
67440ba2766c9304bac51720,2024-11-24 15:40,96247.94
67440ba2766c9304bac5171f,2024-11-24 15:50,95964.92
67440ba2766c9304bac5171e,2024-11-24 16:00,96254.95
67440ba2766c9304bac5171d,2024-11-24 16:10,96226.25
67440ba2766c9304bac5171c,2024-11-24 16:20,96567.55
67440ba2766c9304bac5171b,2024-11-24 16:30,96396.83
67440ba2766c9304bac5171a,2024-11-24 16:40,96665.51
67440ba2766c9304bac51719,2024-11-24 16:50,96461.97
67440ba2766c9304bac51718,2024-11-24 17:00,96126.87
67440ba2766c9304bac51717,2024-11-24 17:10,96062.2
67440ba2766c9304bac51716,2024-11-24 17:20,95899.35
67440ba2766c9304bac51715,2024-11-24 17:30,95976.88
67440ba2766c9304bac51714,2024-11-24 17:40,95842.18
67440ba2766c9304bac51713,2024-11-24 17:50,95930.39
67440ba2766c9304bac51712,2024-11-24 18:00,96120.45
67440ba2766c9304bac51711,2024-11-24 18:10,96233.19
67440ba2766c9304bac51710,2024-11-24 18:20,96235.32
67440ba2766c9304bac5170f,2024-11-24 18:30,96372.94
67440ba2766c9304bac5170e,2024-11-24 18:40,96599.12
67440ba2766c9304bac5170d,2024-11-24 18:50,96595.24
67440ba2766c9304bac5170c,2024-11-24 19:00,96295.35
67440ba2766c9304bac5170b,2024-11-24 19:10,96376.05
67440ba2766c9304bac5170a,2024-11-24 19:20,96291.61
67440ba2766c9304bac51709,2024-11-24 19:30,96346.34
67440ba2766c9304bac51708,2024-11-24 19:40,96408.68
67440ba2766c9304bac51707,2024-11-24 19:50,96364.08
67440ba2766c9304bac51706,2024-11-24 20:00,96355.71
67440ba2766c9304bac51705,2024-11-24 20:10,96427.33
67440ba2766c9304bac51704,2024-11-24 20:20,96748.81
67440ba2766c9304bac51703,2024-11-24 20:30,96774.41
67440ba2766c9304bac51702,2024-11-24 20:40,96778.24
67440ba2766c9304bac51701,2024-11-24 20:50,96873.19
67440ba2766c9304bac51700,2024-11-24 21:00,96677.52
67440ba2766c9304bac516ff,2024-11-24 21:10,96811.55
67440ba2766c9304bac516fe,2024-11-24 21:20,96780.71
67440ba2766c9304bac516fd,2024-11-24 21:30,96808.13
67440ba2766c9304bac516fc,2024-11-24 21:40,96928.8
67440ba2766c9304bac516fb,2024-11-24 21:50,97045.03
67440ba2766c9304bac516fa,2024-11-24 22:00,97363.68
67440ba2766c9304bac516f9,2024-11-24 22:10,97678.15
67440ba2766c9304bac516f8,2024-11-24 22:20,97646.66
67440ba2766c9304bac516f7,2024-11-24 22:30,97768.23
67440ba2766c9304bac516f6,2024-11-24 22:40,97663.99
67440ba2766c9304bac516f5,2024-11-24 22:50,98103.41
67440ba2766c9304bac516f4,2024-11-24 23:00,98275.69
67440ba2766c9304bac516f3,2024-11-24 23:10,98279.6
67440ba2766c9304bac516f2,2024-11-24 23:20,98096.03
67440ba2766c9304bac516f1,2024-11-24 23:30,97700.52
67440ba2766c9304bac516f0,2024-11-24 23:40,97906.71
67440ba2766c9304bac516ef,2024-11-24 23:50,98018.2
67440ba2766c9304bac516ee,2024-11-25 0:00,97920.55
67440ba2766c9304bac516ed,2024-11-25 0:10,98004.81
67440ba2766c9304bac516ec,2024-11-25 0:20,97730.19
67440ba2766c9304bac516eb,2024-11-25 0:30,97694.9
67440ba2766c9304bac516ea,2024-11-25 0:40,98055.03
67440ba2766c9304bac516e9,2024-11-25 0:50,97844.56
67440ba2766c9304bac516e8,2024-11-25 1:00,97691.32
67440ba2766c9304bac516e7,2024-11-25 1:10,97395.02
67440ba2766c9304bac516e6,2024-11-25 1:20,97191.23
67440ba2766c9304bac516e5,2024-11-25 1:30,97166.22
67440ba2766c9304bac516e4,2024-11-25 1:40,97279.1
67440ba2766c9304bac516e3,2024-11-25 1:50,97312.88
67440ba2766c9304bac516e2,2024-11-25 2:00,97552.29
67440ba2766c9304bac516e1,2024-11-25 2:10,97686.46
67440ba2766c9304bac516e0,2024-11-25 2:20,97709.22
67440ba2766c9304bac516df,2024-11-25 2:30,97525.07
67440ba2766c9304bac516de,2024-11-25 2:40,97630.54
67440ba2766c9304bac516dd,2024-11-25 2:50,97477.78
67440ba2766c9304bac516dc,2024-11-25 3:00,97578.56
67440ba2766c9304bac516db,2024-11-25 3:10,97841.17
67440ba2766c9304bac516da,2024-11-25 3:20,97736.66
67440ba2766c9304bac516d9,2024-11-25 3:30,97834.48
67440ba2766c9304bac516d8,2024-11-25 3:40,97933.92
67440ba2766c9304bac516d7,2024-11-25 3:50,97991.89
67440ba2766c9304bac516d6,2024-11-25 4:00,98029.18
67440ba2766c9304bac516d5,2024-11-25 4:10,97849.51
67440ba2766c9304bac516d4,2024-11-25 4:20,97837.72
67440ba2766c9304bac516d3,2024-11-25 4:30,97877.46
67440ba2766c9304bac516d2,2024-11-25 4:40,97739.12
67440ba2766c9304bac516d1,2024-11-25 4:50,97919.99
67440ba2766c9304bac516d0,2024-11-25 5:00,97971.58
67440bd6938ad4fb22c19c00,2024-11-25 5:32,98194.46746
67440e2e938ad4fb22c19c01,2024-11-25 5:42,98130.29833
67441087938ad4fb22c19c02,2024-11-25 5:52,98139.02042
674412df938ad4fb22c19c03,2024-11-25 6:02,98143.02621
67441538938ad4fb22c19c04,2024-11-25 6:12,98286.55664
67441791938ad4fb22c19c05,2024-11-25 6:22,98395.34947
674419ea938ad4fb22c19c06,2024-11-25 6:32,98311.62172
67441c43938ad4fb22c19c07,2024-11-25 6:42,98288.72154
67441e9c938ad4fb22c19c08,2024-11-25 6:52,98173.38509
674420f5938ad4fb22c19c09,2024-11-25 7:02,98175.6483
6744234e938ad4fb22c19c0a,2024-11-25 7:12,98276.48414
674425a7938ad4fb22c19c0b,2024-11-25 7:22,98271.58923
67442866938ad4fb22c19c0c,2024-11-25 7:33,98117.29297
67442abe938ad4fb22c19c0d,2024-11-25 7:43,98009.24038
67442d17938ad4fb22c19c0e,2024-11-25 7:53,97998.5673
67442f70938ad4fb22c19c0f,2024-11-25 8:04,98104.97863
674431c8938ad4fb22c19c10,2024-11-25 8:14,98237.44009
67443421938ad4fb22c19c11,2024-11-25 8:24,98228.66896
6744367a938ad4fb22c19c12,2024-11-25 8:34,98269.54571
674438d3938ad4fb22c19c13,2024-11-25 8:44,98246.01774
67443b2b938ad4fb22c19c14,2024-11-25 8:54,98271.1471
67443d84938ad4fb22c19c15,2024-11-25 9:04,98310.58585
67443fdc938ad4fb22c19c16,2024-11-25 9:14,98541.76103
67444235938ad4fb22c19c17,2024-11-25 9:24,98815.87529
6744448e938ad4fb22c19c18,2024-11-25 9:34,98684.02246
674446e6938ad4fb22c19c19,2024-11-25 9:44,98664.29014
6744493f938ad4fb22c19c1a,2024-11-25 9:54,98576.10178
67444b97938ad4fb22c19c1b,2024-11-25 10:04,98518.7206
67444df0938ad4fb22c19c1c,2024-11-25 10:14,98593.77876
67445049938ad4fb22c19c1d,2024-11-25 10:24,98410.40734
674452a1938ad4fb22c19c1e,2024-11-25 10:34,98424.9406
674454fa938ad4fb22c19c1f,2024-11-25 10:44,98359.17669
67445753938ad4fb22c19c20,2024-11-25 10:54,98380.1521
674459ab938ad4fb22c19c21,2024-11-25 11:04,98392.63179
67445c04938ad4fb22c19c22,2024-11-25 11:14,98404.11544
67445e5c938ad4fb22c19c23,2024-11-25 11:24,98513.41029
674460b5938ad4fb22c19c24,2024-11-25 11:34,98511.27967
6744630e938ad4fb22c19c25,2024-11-25 11:44,98348.15929
67446567938ad4fb22c19c26,2024-11-25 11:54,98229.61204
674467c0938ad4fb22c19c27,2024-11-25 12:04,98273.51341
67446a18938ad4fb22c19c28,2024-11-25 12:14,98187.62632
67446c71938ad4fb22c19c29,2024-11-25 12:24,98120.86494
67446eca938ad4fb22c19c2a,2024-11-25 12:34,98078.56064
67447123938ad4fb22c19c2b,2024-11-25 12:44,98021.69898
6744737b938ad4fb22c19c2c,2024-11-25 12:54,97985.07055
674475d5938ad4fb22c19c2d,2024-11-25 13:04,97953.42269
6744782d938ad4fb22c19c2e,2024-11-25 13:14,97532.73627
67447a86938ad4fb22c19c2f,2024-11-25 13:24,97390.86514
67447cdf938ad4fb22c19c30,2024-11-25 13:34,97531.12021
67447f37938ad4fb22c19c31,2024-11-25 13:44,97657.14731
6744818f938ad4fb22c19c32,2024-11-25 13:54,97667.33174
674696851d3e7a9c1aed45be,2024-11-25 14:10,97478.36
674696851d3e7a9c1aed45bd,2024-11-25 14:20,97304.44
674696851d3e7a9c1aed45bc,2024-11-25 14:30,97061.91
674696851d3e7a9c1aed45bb,2024-11-25 14:40,96194.97
674696851d3e7a9c1aed45ba,2024-11-25 14:50,95350.46
674696851d3e7a9c1aed45b9,2024-11-25 15:00,95072.19
674696851d3e7a9c1aed45b8,2024-11-25 15:10,95381.79
674696851d3e7a9c1aed45b7,2024-11-25 15:20,96102.88
674696851d3e7a9c1aed45b6,2024-11-25 15:30,95628.58
674696851d3e7a9c1aed45b5,2024-11-25 15:40,96444.53
674696851d3e7a9c1aed45b4,2024-11-25 15:50,96024.8
674696851d3e7a9c1aed45b3,2024-11-25 16:00,95770.48
674696851d3e7a9c1aed45b2,2024-11-25 16:10,96314.09
674696851d3e7a9c1aed45b1,2024-11-25 16:20,96119.08
674696851d3e7a9c1aed45b0,2024-11-25 16:30,96010.43
674696851d3e7a9c1aed45af,2024-11-25 16:40,95779.48
674696851d3e7a9c1aed45ae,2024-11-25 16:50,95929.03
674696851d3e7a9c1aed45ad,2024-11-25 17:00,95467.55
674696851d3e7a9c1aed45ac,2024-11-25 17:10,95296.88
674696851d3e7a9c1aed45ab,2024-11-25 17:20,95062.31
674696851d3e7a9c1aed45aa,2024-11-25 17:30,95147.69
674696851d3e7a9c1aed45a9,2024-11-25 17:40,95019.92
674696851d3e7a9c1aed45a8,2024-11-25 17:50,95217.82
674696851d3e7a9c1aed45a7,2024-11-25 18:00,95415.41
674696851d3e7a9c1aed45a6,2024-11-25 18:10,95839.18
674696851d3e7a9c1aed45a5,2024-11-25 18:20,95456.44
674696851d3e7a9c1aed45a4,2024-11-25 18:30,95244.22
674696851d3e7a9c1aed45a3,2024-11-25 18:40,94950.99
674696851d3e7a9c1aed45a2,2024-11-25 18:50,95127.27
674696851d3e7a9c1aed45a1,2024-11-25 19:00,95114.7
674696851d3e7a9c1aed45a0,2024-11-25 19:10,94985.82
674696851d3e7a9c1aed459f,2024-11-25 19:20,95093.34
674696851d3e7a9c1aed459e,2024-11-25 19:30,94668.54
674696851d3e7a9c1aed459d,2024-11-25 19:40,94789.61
674696851d3e7a9c1aed459c,2024-11-25 19:50,94629.1
674696851d3e7a9c1aed459b,2024-11-25 20:00,94831.2
674696851d3e7a9c1aed459a,2024-11-25 20:10,94782.56
674696851d3e7a9c1aed4599,2024-11-25 20:20,94966.23
674696851d3e7a9c1aed4598,2024-11-25 20:30,95088.43
674696851d3e7a9c1aed4597,2024-11-25 20:40,94606.02
674696851d3e7a9c1aed4596,2024-11-25 20:50,94867.82
674696851d3e7a9c1aed4595,2024-11-25 21:00,94823.4
674696851d3e7a9c1aed4594,2024-11-25 21:10,94804.96
674696851d3e7a9c1aed4593,2024-11-25 21:20,94799.8
674696851d3e7a9c1aed4592,2024-11-25 21:30,94258.81
674696851d3e7a9c1aed4591,2024-11-25 21:40,93933.99
674696851d3e7a9c1aed4590,2024-11-25 21:50,93720.94
674696851d3e7a9c1aed458f,2024-11-25 22:00,94083.24
674696851d3e7a9c1aed458e,2024-11-25 22:10,93797.33
674696851d3e7a9c1aed458d,2024-11-25 22:20,93361.7
674696851d3e7a9c1aed458c,2024-11-25 22:30,92976.14
674696851d3e7a9c1aed458b,2024-11-25 22:40,93960
674696851d3e7a9c1aed458a,2024-11-25 22:50,94389.34
674696851d3e7a9c1aed4589,2024-11-25 23:00,94213.8
674696851d3e7a9c1aed4588,2024-11-25 23:10,93829.65
674696851d3e7a9c1aed4587,2024-11-25 23:20,93671.63
674696851d3e7a9c1aed4586,2024-11-25 23:30,93285.59
674696851d3e7a9c1aed4585,2024-11-25 23:40,92890.35
674696851d3e7a9c1aed4584,2024-11-25 23:50,93019.38
674696851d3e7a9c1aed4583,2024-11-26 0:00,93267.45
674696851d3e7a9c1aed4582,2024-11-26 0:10,93625.52
674696851d3e7a9c1aed4581,2024-11-26 0:20,94237.6
674696851d3e7a9c1aed4580,2024-11-26 0:30,94208.91
674696851d3e7a9c1aed457f,2024-11-26 0:40,94291.78
674696851d3e7a9c1aed457e,2024-11-26 0:50,93832.58
674696851d3e7a9c1aed457d,2024-11-26 1:00,94016.79
674696851d3e7a9c1aed457c,2024-11-26 1:10,94269.52
674696851d3e7a9c1aed457b,2024-11-26 1:20,94342.86
674696851d3e7a9c1aed457a,2024-11-26 1:30,94588.92
674696851d3e7a9c1aed4579,2024-11-26 1:40,94679.61
674696851d3e7a9c1aed4578,2024-11-26 1:50,94889.14
674696851d3e7a9c1aed4577,2024-11-26 2:00,94695.06
674696851d3e7a9c1aed4576,2024-11-26 2:10,94677.28
674696851d3e7a9c1aed4575,2024-11-26 2:20,94554.13
674696851d3e7a9c1aed4574,2024-11-26 2:30,94719.88
674696851d3e7a9c1aed4573,2024-11-26 2:40,94641.69
674696851d3e7a9c1aed4572,2024-11-26 2:50,94623.92
674696851d3e7a9c1aed4571,2024-11-26 3:00,94467.02
674696851d3e7a9c1aed4570,2024-11-26 3:10,94481.74
674696851d3e7a9c1aed456f,2024-11-26 3:20,94358.48
674696851d3e7a9c1aed456e,2024-11-26 3:30,94699.6
674696851d3e7a9c1aed456d,2024-11-26 3:40,94705
674696851d3e7a9c1aed456c,2024-11-26 3:50,94503.49
674696851d3e7a9c1aed456b,2024-11-26 4:00,94106
674696851d3e7a9c1aed456a,2024-11-26 4:10,94328.57
674696851d3e7a9c1aed4569,2024-11-26 4:20,94313.37
674696851d3e7a9c1aed4568,2024-11-26 4:30,94502.09
674696851d3e7a9c1aed4567,2024-11-26 4:40,94461.08
674696851d3e7a9c1aed4566,2024-11-26 4:50,94327.52
674696851d3e7a9c1aed4565,2024-11-26 5:00,94506.55
674696851d3e7a9c1aed4564,2024-11-26 5:10,94265.73
674696851d3e7a9c1aed4563,2024-11-26 5:20,94431.89
674696851d3e7a9c1aed4562,2024-11-26 5:30,94599.74
674696851d3e7a9c1aed4561,2024-11-26 5:40,94548.71
674696851d3e7a9c1aed4560,2024-11-26 5:50,94676.2
674696851d3e7a9c1aed455f,2024-11-26 6:00,94764.54
674696851d3e7a9c1aed455e,2024-11-26 6:10,94828.83
674696851d3e7a9c1aed455d,2024-11-26 6:20,94933.92
674696851d3e7a9c1aed455c,2024-11-26 6:30,94745.3
674696851d3e7a9c1aed455b,2024-11-26 6:40,94756.66
674696851d3e7a9c1aed455a,2024-11-26 6:50,94534.32
674696851d3e7a9c1aed4559,2024-11-26 7:00,94281.89
674696851d3e7a9c1aed4558,2024-11-26 7:10,93819.58
674696851d3e7a9c1aed4557,2024-11-26 7:20,93990.49
674696851d3e7a9c1aed4556,2024-11-26 7:30,93879.72
674696851d3e7a9c1aed4555,2024-11-26 7:40,93668.19
674696851d3e7a9c1aed4554,2024-11-26 7:50,93792.08
674696851d3e7a9c1aed4553,2024-11-26 8:00,93368.09
674696851d3e7a9c1aed4552,2024-11-26 8:10,92681.26
674696851d3e7a9c1aed4551,2024-11-26 8:20,92492.5
674696851d3e7a9c1aed4550,2024-11-26 8:30,92427.58
674696851d3e7a9c1aed454f,2024-11-26 8:40,92732.97
674696851d3e7a9c1aed454e,2024-11-26 8:50,93141
674696851d3e7a9c1aed454d,2024-11-26 9:00,93225.68
674696851d3e7a9c1aed454c,2024-11-26 9:10,93555.97
674696851d3e7a9c1aed454b,2024-11-26 9:20,93545.46
674696851d3e7a9c1aed454a,2024-11-26 9:30,93406.82
674696851d3e7a9c1aed4549,2024-11-26 9:40,93248.97
674696851d3e7a9c1aed4548,2024-11-26 9:50,93527.23
674696851d3e7a9c1aed4547,2024-11-26 10:00,93356.11
674696851d3e7a9c1aed4546,2024-11-26 10:10,92961.54
674696851d3e7a9c1aed4545,2024-11-26 10:20,92907.98
674696851d3e7a9c1aed4544,2024-11-26 10:30,92605.3
674696851d3e7a9c1aed4543,2024-11-26 10:40,92384.02
674696851d3e7a9c1aed4542,2024-11-26 10:50,92232.09
674696851d3e7a9c1aed4541,2024-11-26 11:00,92574.19
674696851d3e7a9c1aed4540,2024-11-26 11:10,92124.78
674696851d3e7a9c1aed453f,2024-11-26 11:20,91745.58
674696851d3e7a9c1aed453e,2024-11-26 11:30,91559.37
674696851d3e7a9c1aed453d,2024-11-26 11:40,91912.05
674696851d3e7a9c1aed453c,2024-11-26 11:50,92329.96
674696851d3e7a9c1aed453b,2024-11-26 12:00,92342.77
674696851d3e7a9c1aed453a,2024-11-26 12:10,92427.11
674696851d3e7a9c1aed4539,2024-11-26 12:20,92204.83
674696851d3e7a9c1aed4538,2024-11-26 12:30,91996.32
674696851d3e7a9c1aed4537,2024-11-26 12:40,91839.72
674696851d3e7a9c1aed4536,2024-11-26 12:50,92138.35
674696851d3e7a9c1aed4535,2024-11-26 13:00,92361.12
674696851d3e7a9c1aed4534,2024-11-26 13:10,92744.08
674696851d3e7a9c1aed4533,2024-11-26 13:20,92476.55
674696851d3e7a9c1aed4532,2024-11-26 13:30,92494.36
674696851d3e7a9c1aed4531,2024-11-26 13:40,92415.05
674696851d3e7a9c1aed4530,2024-11-26 13:50,92149.29
674696851d3e7a9c1aed452f,2024-11-26 14:00,91880
674696851d3e7a9c1aed452e,2024-11-26 14:10,92202.6
674696851d3e7a9c1aed452d,2024-11-26 14:20,92107.94
674696851d3e7a9c1aed452c,2024-11-26 14:30,92835.52
674696851d3e7a9c1aed452b,2024-11-26 14:40,93427.61
674696851d3e7a9c1aed452a,2024-11-26 14:50,93284.34
674696851d3e7a9c1aed4529,2024-11-26 15:00,93356.21
674696851d3e7a9c1aed4528,2024-11-26 15:10,92832.71
674696851d3e7a9c1aed4527,2024-11-26 15:20,93118.97
674696851d3e7a9c1aed4526,2024-11-26 15:30,93407.44
674696851d3e7a9c1aed4525,2024-11-26 15:40,93344.7
674696851d3e7a9c1aed4524,2024-11-26 15:50,92834.62
674696851d3e7a9c1aed4523,2024-11-26 16:00,93227.51
674696851d3e7a9c1aed4522,2024-11-26 16:10,93455.92
674696851d3e7a9c1aed4521,2024-11-26 16:20,94258.67
674696851d3e7a9c1aed4520,2024-11-26 16:30,94469.55
674696851d3e7a9c1aed451f,2024-11-26 16:40,94297.45
674696851d3e7a9c1aed451e,2024-11-26 16:50,94061.06
674696851d3e7a9c1aed451d,2024-11-26 17:00,93596.29
674696851d3e7a9c1aed451c,2024-11-26 17:10,93711.51
674696851d3e7a9c1aed451b,2024-11-26 17:20,93800.58
674696851d3e7a9c1aed451a,2024-11-26 17:30,93830.01
674696851d3e7a9c1aed4519,2024-11-26 17:40,93673.11
674696851d3e7a9c1aed4518,2024-11-26 17:50,93563.91
674696851d3e7a9c1aed4517,2024-11-26 18:00,93188.16
674696851d3e7a9c1aed4516,2024-11-26 18:10,92567.38
674696851d3e7a9c1aed4515,2024-11-26 18:20,92392.98
674696851d3e7a9c1aed4514,2024-11-26 18:30,92138.37
674696851d3e7a9c1aed4513,2024-11-26 18:40,92682.66
674696851d3e7a9c1aed4512,2024-11-26 18:50,92125.12
674696851d3e7a9c1aed4511,2024-11-26 19:00,92456.5
674696851d3e7a9c1aed4510,2024-11-26 19:10,92119.37
674696851d3e7a9c1aed450f,2024-11-26 19:20,92070.58
674696851d3e7a9c1aed450e,2024-11-26 19:30,92147.86
674696851d3e7a9c1aed450d,2024-11-26 19:40,91874.35
674696851d3e7a9c1aed450c,2024-11-26 19:50,91686.41
674696851d3e7a9c1aed450b,2024-11-26 20:00,91898.27
674696851d3e7a9c1aed450a,2024-11-26 20:10,91276.25
674696851d3e7a9c1aed4509,2024-11-26 20:20,91259.3
674696851d3e7a9c1aed4508,2024-11-26 20:30,90770.47
674696851d3e7a9c1aed4507,2024-11-26 20:40,91427.66
674696851d3e7a9c1aed4506,2024-11-26 20:50,90974.08
674696851d3e7a9c1aed4505,2024-11-26 21:00,90850.07
674696851d3e7a9c1aed4504,2024-11-26 21:10,91221.67
674696851d3e7a9c1aed4503,2024-11-26 21:20,91580.34
674696851d3e7a9c1aed4502,2024-11-26 21:30,91722.17
674696851d3e7a9c1aed4501,2024-11-26 21:40,91634.13
674696851d3e7a9c1aed4500,2024-11-26 21:50,91610.02
674696851d3e7a9c1aed44ff,2024-11-26 22:00,92109.03
674696851d3e7a9c1aed44fe,2024-11-26 22:10,91956.15
674696851d3e7a9c1aed44fd,2024-11-26 22:20,92171.36
674696851d3e7a9c1aed44fc,2024-11-26 22:30,91946.59
674696851d3e7a9c1aed44fb,2024-11-26 22:40,91887.26
674696851d3e7a9c1aed44fa,2024-11-26 22:50,91617.2
674696851d3e7a9c1aed44f9,2024-11-26 23:00,91611.17
674696851d3e7a9c1aed44f8,2024-11-26 23:10,91709.33
674696851d3e7a9c1aed44f7,2024-11-26 23:20,91583.78
674696851d3e7a9c1aed44f6,2024-11-26 23:30,91772.41
674696851d3e7a9c1aed44f5,2024-11-26 23:40,91835.36
674696851d3e7a9c1aed44f4,2024-11-26 23:50,91903.89
674696851d3e7a9c1aed44f3,2024-11-27 0:00,92204.07
674696851d3e7a9c1aed44f2,2024-11-27 0:10,92262.6
674696851d3e7a9c1aed44f1,2024-11-27 0:20,92178.78
674696851d3e7a9c1aed44f0,2024-11-27 0:30,92087.67
674696851d3e7a9c1aed44ef,2024-11-27 0:40,91897.83
674696851d3e7a9c1aed44ee,2024-11-27 0:50,91900.41
674696851d3e7a9c1aed44ed,2024-11-27 1:00,91956.59
674696851d3e7a9c1aed44ec,2024-11-27 1:10,92410.78
674696851d3e7a9c1aed44eb,2024-11-27 1:20,92340.79
674696851d3e7a9c1aed44ea,2024-11-27 1:30,92562.66
674696851d3e7a9c1aed44e9,2024-11-27 1:40,92597.65
674696851d3e7a9c1aed44e8,2024-11-27 1:50,92730.94
674696851d3e7a9c1aed44e7,2024-11-27 2:00,92638.19
674696851d3e7a9c1aed44e6,2024-11-27 2:10,92439
674696851d3e7a9c1aed44e5,2024-11-27 2:20,92910.76
674696851d3e7a9c1aed44e4,2024-11-27 2:30,92818.23
674696851d3e7a9c1aed44e3,2024-11-27 2:40,92851.82
674696851d3e7a9c1aed44e2,2024-11-27 2:50,92911.01
674696851d3e7a9c1aed44e1,2024-11-27 3:00,92762.61
674696851d3e7a9c1aed44e0,2024-11-27 3:10,92846.21
674696851d3e7a9c1aed44df,2024-11-27 3:20,92763.87
674696851d3e7a9c1aed44de,2024-11-27 3:30,92654.06
674696851d3e7a9c1aed44dd,2024-11-27 3:40,92590.87
6746f4dcc8fc5b6acaad3f9f,2024-11-27 3:50,92559.39
6746f4dcc8fc5b6acaad3f9e,2024-11-27 4:00,92736.79
6746f4dcc8fc5b6acaad3f9d,2024-11-27 4:10,92853.12
6746f4dcc8fc5b6acaad3f9c,2024-11-27 4:20,92999.06
6746f4dcc8fc5b6acaad3f9b,2024-11-27 4:30,92743.57
6746f4dcc8fc5b6acaad3f9a,2024-11-27 4:40,92589.66
6746f4dcc8fc5b6acaad3f99,2024-11-27 4:50,92537.83
6746f4dcc8fc5b6acaad3f98,2024-11-27 5:00,92410.87
6746f4dcc8fc5b6acaad3f97,2024-11-27 5:10,92574.42
6746f4dcc8fc5b6acaad3f96,2024-11-27 5:20,92685.99
6746f4dcc8fc5b6acaad3f95,2024-11-27 5:30,92715.19
6746f4dcc8fc5b6acaad3f94,2024-11-27 5:40,92649.96
6746f4dcc8fc5b6acaad3f93,2024-11-27 5:50,92732.56
6746f4dcc8fc5b6acaad3f92,2024-11-27 6:00,92906.87
6746f4dcc8fc5b6acaad3f91,2024-11-27 6:10,93277.1
6746f4dcc8fc5b6acaad3f90,2024-11-27 6:20,93187.8
6746f4dcc8fc5b6acaad3f8f,2024-11-27 6:30,93234.85
6746f4dcc8fc5b6acaad3f8e,2024-11-27 6:40,93137.61
6746f4dcc8fc5b6acaad3f8d,2024-11-27 6:50,93053.94
6746f4dcc8fc5b6acaad3f8c,2024-11-27 7:00,93238.17
6746f4dcc8fc5b6acaad3f8b,2024-11-27 7:10,93377.07
6746f4dcc8fc5b6acaad3f8a,2024-11-27 7:20,93415.79
6746f4dcc8fc5b6acaad3f89,2024-11-27 7:30,93464.54
6746f4dcc8fc5b6acaad3f88,2024-11-27 7:40,93612.71
6746f4dcc8fc5b6acaad3f87,2024-11-27 7:50,93582.06
6746f4dcc8fc5b6acaad3f86,2024-11-27 8:00,93473.21
6746f4dcc8fc5b6acaad3f85,2024-11-27 8:10,93413.18
6746f4dcc8fc5b6acaad3f84,2024-11-27 8:20,93344.96
6746f4dcc8fc5b6acaad3f83,2024-11-27 8:30,93470.54
6746f4dcc8fc5b6acaad3f82,2024-11-27 8:40,93442.18
6746f4dcc8fc5b6acaad3f81,2024-11-27 8:50,93432.17
6746f4dcc8fc5b6acaad3f80,2024-11-27 9:00,93222.74
6746f4dcc8fc5b6acaad3f7f,2024-11-27 9:10,93269.02
6746f4dcc8fc5b6acaad3f7e,2024-11-27 9:20,93313.07
6746f4dcc8fc5b6acaad3f7d,2024-11-27 9:30,93286.02
6746f4dcc8fc5b6acaad3f7c,2024-11-27 9:40,93398.96
6746f4dcc8fc5b6acaad3f7b,2024-11-27 9:50,93408.24
6746f4dcc8fc5b6acaad3f7a,2024-11-27 10:00,93379.56
6746f4dcc8fc5b6acaad3f79,2024-11-27 10:10,93585.22
6746f4dcc8fc5b6acaad3f78,2024-11-27 10:20,93606.01
